id,name,feature_en,feature_id
1,15-inch MacBook Air,"- THIN M3 LAPTOP. FANTASTICALLY POWERFUL — The lightning-fast MacBook Air with M3 chip is a super-portable laptop that gets work and play done seamlessly.
- PORTABLE DESIGN — Lightweight and only half an inch thin, so you can take your MacBook Air anywhere.
- GET MORE DONE FASTER — The powerful 8-core CPU and 10-core GPU in the Apple M3 chip keep everything running smoothly.
- UP TO 18 HOURS OF BATTERY LIFE — Amazing all-day battery life so you don't have to carry a power adapter.
- MORE FIELD FOR EVERYTHING YOU LOVE — The 15.3-inch Liquid Retina display supports 1 billion colors.
- LOOKS GREAT, SOUNDS GREAT — It all looks and sounds great with a 1080p FaceTime HD camera, three microphones, and six speakers with Spatial Audio.
- APPS LAUNCH WITH APPLE SILICON — All your favorite apps, from Microsoft 365 to Adobe Creative Cloud, run lightning fast on macOS.
- CONNECTED — MacBook Air features two Thunderbolt ports, a headphone jack, Wi-Fi 6E, Bluetooth 5.3, and a MagSafe charging port. And connect to up to two external displays with the laptop screen closed.
- IF YOU LIKE IPHONE, YOU’LL LOVE MAC — MacBook Air works beautifully with your other Apple devices. Start an email on your iPhone and finish it on your Mac. Send a text message from your Mac. And more.","- LAPTOP M3 TIPIS. BERTENAGA FANTASTIS — MacBook Air secepat kilat dengan chip M3 adalah laptop super portabel yang menyelesaikan pekerjaan dan permainan dengan mulus.
- DESAIN PORTABEL — Ringan dan hanya setengah inci tipisnya, jadi Anda bisa membawa MacBook Air ke mana saja.
- TUNTASKAN LEBIH BANYAK LEBIH CEPAT — CPU 8-core yang andal dan GPU 10-core pada chip Apple M3 menjaga semuanya berjalan lancar.
- KEKUATAN BATERAI HINGGA 18 JAM — Kekuatan baterai sepanjang hari yang menakjubkan agar Anda tidak perlu membawa adaptor daya.
- BIDANG LEBIH LUAS UNTUK SEMUA YANG ANDA SUKA — Layar Liquid Retina 15,3 inci mendukung 1 miliar warna.
- TAMPIL MENAWAN, SUARA MENGAGUMKAN — Semuanya terlihat dan terdengar memukau dengan kamera FaceTime HD 1080p, tiga mikrofon, dan enam speaker dengan Audio Spasial.
- APLIKASI MELUNCUR DENGAN APPLE SILICON — Semua aplikasi favorit Anda, mulai dari Microsoft 365 hingga Adobe Creative Cloud, berjalan secepat kilat di macOS.
- TERHUBUNG — MacBook Air dilengkapi dua port Thunderbolt, jek headphone, Wi-Fi 6E, Bluetooth 5.3, dan port pengisian daya MagSafe. Dan terhubung ke hingga dua layar eksternal dengan layar laptop tertutup.
- KALAU SUKA IPHONE, ANDA AKAN SUKA MAC — MacBook Air bekerja secara memukau dengan perangkat Apple Anda yang lain. Mulai email di iPhone dan selesaikan di Mac Anda. Kirim pesan teks dari Mac Anda. Dan banyak lagi."
2,13-inch MacBook Air,"- THIN M3 LAPTOP. FANTASTICALLY POWERFUL — The lightning-fast MacBook Air with M3 chip is a super-portable laptop that gets work and play done seamlessly.
- PORTABLE DESIGN — Lightweight and only half an inch thin, so you can take your MacBook Air anywhere.
- GET MORE DONE FASTER — The powerful 8-core CPU and 10-core GPU in the Apple M3 chip keep everything running smoothly.
- UP TO 18 HOURS OF BATTERY LIFE — Amazing all-day battery life so you don't have to carry a power adapter.
- MORE FIELD FOR EVERYTHING YOU LOVE — The 13.6-inch Liquid Retina display supports 1 billion colors.
- LOOKS GREAT, SOUNDS GREAT — It all looks and sounds great with a 1080p FaceTime HD camera, three microphones, and six speakers with Spatial Audio.
- APPS LAUNCH WITH APPLE SILICON — All your favorite apps, from Microsoft 365 to Adobe Creative Cloud, run lightning fast on macOS.
- CONNECTED — MacBook Air features two Thunderbolt ports, a headphone jack, Wi-Fi 6E, Bluetooth 5.3, and a MagSafe charging port. And connect to up to two external displays with the laptop screen closed.
- IF YOU LIKE IPHONE, YOU’LL LOVE MAC — MacBook Air works beautifully with your other Apple devices. Start an email on your iPhone and finish it on your Mac. Send a text message from your Mac. And more.","- LAPTOP M3 TIPIS. BERTENAGA FANTASTIS — MacBook Air secepat kilat dengan chip M3 adalah laptop super portabel yang menyelesaikan pekerjaan dan permainan dengan mulus.
- DESAIN PORTABEL — Ringan dan hanya setengah inci tipisnya, jadi Anda bisa membawa MacBook Air ke mana saja.
- TUNTASKAN LEBIH BANYAK LEBIH CEPAT — CPU 8-core yang andal dan GPU 10-core pada chip Apple M3 menjaga semuanya berjalan lancar.
- KEKUATAN BATERAI HINGGA 18 JAM — Kekuatan baterai sepanjang hari yang menakjubkan agar Anda tidak perlu membawa adaptor daya.
- BIDANG LEBIH LUAS UNTUK SEMUA YANG ANDA SUKA — Layar Liquid Retina 13,6 inci mendukung 1 miliar warna.
- TAMPIL MENAWAN, SUARA MENGAGUMKAN — Semuanya terlihat dan terdengar memukau dengan kamera FaceTime HD 1080p, tiga mikrofon, dan enam speaker dengan Audio Spasial.
- APLIKASI MELUNCUR DENGAN APPLE SILICON — Semua aplikasi favorit Anda, mulai dari Microsoft 365 hingga Adobe Creative Cloud, berjalan secepat kilat di macOS.
- TERHUBUNG — MacBook Air dilengkapi dua port Thunderbolt, jek headphone, Wi-Fi 6E, Bluetooth 5.3, dan port pengisian daya MagSafe. Dan terhubung ke hingga dua layar eksternal dengan layar laptop tertutup.
- KALAU SUKA IPHONE, ANDA AKAN SUKA MAC — MacBook Air bekerja secara memukau dengan perangkat Apple Anda yang lain. Mulai email di iPhone dan selesaikan di Mac Anda. Kirim pesan teks dari Mac Anda. Dan banyak lagi."
