id,name,warranty_en,warranty_id
1,15-inch MacBook Air,"Factory Warranty - Service
Apple One (1) Year Limited Warranty
Factory Warranty - Spare Parts
Apple One (1) Year Limited Warranty","Garansi Pabrik - Jasa Servis
Garansi Terbatas Apple Satu (1) Tahun
Garansi Pabrik - Suku Cadang
Garansi Terbatas Apple Satu (1) Tahun"
2,13-inch MacBook Air,"Factory Warranty - Service
Apple One (1) Year Limited Warranty
Factory Warranty - Spare Parts
Apple One (1) Year Limited Warranty","Garansi Pabrik - Jasa Servis
Garansi Terbatas Apple Satu (1) Tahun
Garansi Pabrik - Suku Cadang
Garansi Terbatas Apple Satu (1) Tahun"
